{
	"format_version": "1.8.0",
	"animations": {
		"animation.matoi_ryuko.walk": {
			"loop": true,
			"animation_length": 1.5,
			"override_previous_animation": true,
			"bones": {
				"body": {
					"position": {
						"0.0": [0, 0, 0],
						"0.2917": [0, 1, 0],
						"0.625": [0, 0, 0],
						"1.0417": [0, 1, 0],
						"1.4583": [0, 0, 0]
					}
				},
				"skirt": {
					"rotation": {
						"0.0": [0, 0, 0],
						"0.2917": [-22.5, 0, 0],
						"0.625": [0, 0, 0],
						"0.8333": [-5, 0, 0],
						"1.0833": [-30, 0, 0],
						"1.375": [0, 0, 0]
					}
				},
				"leg0": {
					"rotation": {
						"0.0": [0, 0, 0],
						"0.2917": [-52.5, 0, 0],
						"0.625": [0, 0, 0]
					}
				},
				"leg1": {
					"rotation": {
						"0.0": [0, 0, 0],
						"0.5833": [1.09, 0, 0],
						"0.875": [-35, 0, 0],
						"1.0417": [-52.5, 0, 0],
						"1.375": [0, 0, 0]
					}
				},
				"arm2": {
					"rotation": {
						"0.0": [0, 0, 0],
						"0.6667": [2.5, 0, 0],
						"1.0417": [-22.5, 0, 0],
						"1.4583": [-5, 0, 0]
					}
				},
				"arm1": {
					"rotation": {
						"0.0": [0, 0, 0],
						"0.3333": [-37.5, 0, 0],
						"0.625": [2.5, 0, 0]
					}
				},
				"cape": {
					"rotation": {
						"0.0": [0, 0, 0],
						"0.2083": [12.5, 0, 0],
						"0.6667": [2.5, 0, 0]
					}
				},
				"hairsides": {
					"rotation": {
						"0.0": [0, 0, 0],
						"0.2917": [5, 0, 0],
						"0.6667": [0, 0, 0],
						"0.9583": [2.5, 0, 0],
						"1.5": [0, 0, 0]
					},
					"position": {
						"0.0": [0, 0, 0],
						"0.2917": [0, 0, 1],
						"0.6667": [0, 0, 0],
						"0.9583": [0, 0, 1],
						"1.5": [0, 0, 0]
					}
				},
				"hairstreak": {
					"rotation": {
						"0.0": [0, 0, 0],
						"0.3333": [-57.5, 0, 0],
						"0.6667": [2.5, 0, 0],
						"1.0": [-27.5, 0, 0],
						"1.5": [2.5, 0, 0]
					}
				}
			}
		},
		"animation.matoi_ryuko.new": {
			"animation_length": 0.54167,
			"bones": {
				"leg0": {
					"rotation": [-92.5, 0, 0]
				},
				"leg1": {
					"rotation": [40, 0, 0]
				},
				"arm1": {
					"rotation": [-92.5, 0, 0]
				},
				"arm2": {
					"rotation": [-92.5, 0, 0]
				}
			}
		},
		"animation.matoi_ryuko.idle": {
			"loop": true,
			"animation_length": 1.91667,
			"bones": {
				"skirt": {
					"rotation": {
						"0.0": [2.5, 0, 0],
						"1.2083": [-2.5, 0, 0],
						"1.875": [2.5, 0, 0]
					}
				},
				"hairsides": {
					"rotation": {
						"0.0": [0, 0, 0],
						"1.2083": [-2.67, 0, 0],
						"1.875": [-0.17, 0, 0]
					}
				},
				"hairstreak": {
					"rotation": {
						"0.0": [-2.5, 0, 0],
						"0.5833": [-2.52154, 7.49282, -0.32902],
						"1.2083": [-2.50238, 2.49762, -0.10912]
					}
				},
				"arm1": {
					"rotation": {
						"0.0": [-1.87, 0, 0],
						"1.2083": [5, 0, 0],
						"1.875": [-2.5, 0, 0]
					}
				},
				"arm2": {
					"rotation": {
						"0.0": [5, 0, 0],
						"0.5833": [-5, 0, 0],
						"1.2083": [-15, 0, 0],
						"1.875": [-2.5, 0, 0]
					}
				}
			}
		},
		"animation.matoi_ryuko.attack": {
			"animation_length": 0.33333,
			"bones": {
				"arm1": {
					"rotation": {
						"0.0": [2.5, 0, 0],
						"0.3333": [-87.5, 0, 0]
					},
					"position": {
						"0.0": [0, 1, 0],
						"0.3333": [0, -3, 1]
					}
				}
			}
		}
	}
}